,Unnamed: 0,Unnamed: 0.1,idx,code,reaction,type
156,159.0,0.0,118,100,[C:1]1([H:8])([H:9])[C@:2]2([H:10])[O:3][C@@:4]1([H:11])[C@:5]1([H:12])[O:6][C@:7]21[H:13]>>[C:1](=[C:2]([C@@:7]1([H:13])[C@:5]([C:4](=[O:3])[H:11])([H:12])[O:6]1)[H:10])([H:8])[H:9],train
158,161.0,0.0,119,101,[O:1]=[C:2]([C:3]1([C:6](=[O:7])[H:13])[C:4]([H:9])([H:10])[C:5]1([H:11])[H:12])[H:8]>>[O:1]=[C:2]([C:3]1=[C:6]([H:13])[O:7][C:4]([H:9])([H:10])[C:5]1([H:11])[H:12])[H:8],train
159,162.0,1.0,120,101,[O:1]=[C:2]([C:3]1([C:6](=[O:7])[H:13])[C:4]([H:9])([H:10])[C:5]1([H:11])[H:12])[H:8]>>[O:1]=[C:2]([C:3]([C:4]([C:5]([H:11])([H:12])[H:13])([H:9])[H:10])=[C:6]=[O:7])[H:8],train
161,164.0,0.0,121,102,[C:1](#[C:2][C@:3]12[C:4]([H:9])([H:10])[C@@:5]1([H:11])[O:6][C:7]2([H:12])[H:13])[H:8]>>[C:1](#[C:2][C:3]([C:4]([C:5](=[O:6])[H:11])([H:9])[H:10])=[C:7]([H:12])[H:13])[H:8],train
162,165.0,0.0,122,103,[C:1]([C@@:2]1([H:11])[C:3]([H:12])([H:13])[O:4][C@:5]1([C:6]#[C:7][H:15])[H:14])([H:8])([H:9])[H:10]>>[C:1](=[C:2]([C:3]([O:4][C:5](=[C:6]=[C:7]([H:9])[H:15])[H:14])([H:12])[H:13])[H:11])([H:8])[H:10],train
163,166.0,0.0,123,104,[O:1]([C@@:2]1([H:9])[C@@:3]2([H:10])[C@:4]3([H:11])[C:5]([H:12])([H:13])[N:6]2[C@:7]13[H:14])[H:8]>>[O:1](/[C:2](=[C:3](/[C@:4]1([H:11])[C:5]([H:12])([H:13])[N:6]=[C:7]1[H:14])[H:10])[H:9])[H:8],train
164,167.0,1.0,124,104,[O:1]([C@@:2]1([H:9])[C@@:3]2([H:10])[C@:4]3([H:11])[C:5]([H:12])([H:13])[N:6]2[C@:7]13[H:14])[H:8]>>[O:1]1[C@@:2]2([H:9])[C@:3]1([H:10])[N:6]1[C:5]([H:12])([H:13])[C:4]([H:8])([H:11])[C@@:7]21[H:14],train
165,168.0,2.0,125,104,[O:1]([C@@:2]1([H:9])[C@@:3]2([H:10])[C@:4]3([H:11])[C:5]([H:12])([H:13])[N:6]2[C@:7]13[H:14])[H:8]>>[O:1]([C@@:2]1([H:9])[C:3]([H:10])=[N:6][C@:7]1([C:4](=[C:5]([H:12])[H:13])[H:11])[H:14])[H:8],train
166,169.0,0.0,126,105,[C:1]([C@@:2]([C:3]([C:4]#[C:5][H:14])([H:12])[H:13])([C:6]#[C:7][H:15])[H:11])([H:8])([H:9])[H:10]>>[C:1]([C:2](=[C:6]=[C:7]([C:5](=[C:4]=[C:3]([H:12])[H:13])[H:14])[H:15])[H:11])([H:8])([H:9])[H:10],train
167,170.0,0.0,127,106,[O:1]=[C:2]([C@@:3]1([H:9])[C@@:4]2([H:10])[C:5]([H:11])([H:12])[C:6]([H:13])([H:14])[N:7]12)[H:8]>>[O-:1][C:2](=[C:3]([N+:7]1=[C:4]([H:10])[C:5]([H:11])([H:12])[C:6]1([H:13])[H:14])[H:9])[H:8],train
168,171.0,0.0,128,107,[C:1]1([H:8])([H:9])[N:2]([H:10])[C@:3]12[C@:4]1([H:11])[C:5]([H:12])([H:13])[C@@:6]2([H:14])[O:7]1>>[C:1]1([H:8])([H:9])[N:2]([H:10])[C@:3]1([C:4](=[O:7])[H:11])[C:6](=[C:5]([H:12])[H:13])[H:14],train
169,172.0,1.0,129,107,[C:1]1([H:8])([H:9])[N:2]([H:10])[C@:3]12[C@:4]1([H:11])[C:5]([H:12])([H:13])[C@@:6]2([H:14])[O:7]1>>[C:1]1([H:8])([H:9])[N:2]([H:10])/[C:3]1=[C:4](/[O:7][C:6](=[C:5]([H:12])[H:13])[H:14])[H:11],train
170,173.0,0.0,130,108,[C:1]([C@@:2]1([H:11])[C@@:3]2([H:12])[O:4][C@:5]1([H:13])[C:6]([H:14])=[C:7]2[H:15])([H:8])([H:9])[H:10]>>[C:1]([C@@:2]1([H:11])[C@@:3]2([H:12])[O:4][C@@:7]2([H:15])[C:6]([H:14])=[C:5]1[H:13])([H:8])([H:9])[H:10],train
171,174.0,0.0,131,109,[C:1]([C@@:2]1([O:3][H:11])[C:4]([H:12])([H:13])[C:5]([H:14])([H:15])[C:6]1=[O:7])([H:8])([H:9])[H:10]>>[C:1]([C:2](=[O:3])[C:6]([C:5]([C:4]([H:11])([H:12])[H:13])([H:14])[H:15])=[O:7])([H:8])([H:9])[H:10],train
172,175.0,0.0,132,110,[O:1]([C:2]([C@@:3]1([H:11])[O:4][C@@:5]2([H:12])[C:6]([H:13])([H:14])[C@@:7]12[H:15])([H:9])[H:10])[H:8]>>[O:1]([C:2](/[C:3](=[C:7](\[C:6]([C:5](=[O:4])[H:12])([H:13])[H:14])[H:15])[H:11])([H:9])[H:10])[H:8],train
173,176.0,0.0,133,111,[O:1]=[C:2]([C:3](=[O:4])[N:5]1[C:6]([H:9])([H:10])[C:7]1([H:11])[H:12])[H:8]>>[O:1]=[C:2]([C:3]1=[N:5][C:6]([H:9])([H:10])[C:7]([H:11])([H:12])[O:4]1)[H:8],train
175,178.0,0.0,134,112,[O:1]=[C:2]([C@@:3]1([H:9])[C:4]([H:10])([H:11])[N:5]1[C:6](=[O:7])[H:12])[H:8]>>[O:1]=[C:2]([C@@:3]1([H:9])[C:4]([H:10])([H:11])[O:7][C:6]([H:12])=[N:5]1)[H:8],train
176,179.0,1.0,135,112,[O:1]=[C:2]([C@@:3]1([H:9])[C:4]([H:10])([H:11])[N:5]1[C:6](=[O:7])[H:12])[H:8]>>[O:1]=[C:2]([C@@:3]1([H:9])[C:4]([H:10])([H:11])[N:5]=[C:6]([H:12])[O:7]1)[H:8],train
177,180.0,0.0,136,113,[N:1]([C:2]1=[C:3]([H:10])[N:4]([H:11])[C:5]([O:6][H:12])=[C:7]1[H:13])([H:8])[H:9]>>[N:1]([C:2]1=[C:7]([H:13])[C:5]([O:6][H:12])=[N:4][C:3]1([H:10])[H:11])([H:8])[H:9],train
179,182.0,0.0,137,114,[C:1]([C@:2]12[C:3]([H:11])([H:12])[C:4]([H:13])([H:14])[C@@:5]1([H:15])[C:6]([H:16])([H:17])[O:7]2)([H:8])([H:9])[H:10]>>[C:1]([C:2]([C:3]([C:4]([C:5](=[C:6]([H:16])[H:17])[H:15])([H:13])[H:14])([H:11])[H:12])=[O:7])([H:8])([H:9])[H:10],train
180,183.0,0.0,138,115,[C:1]([C@@:2]([O:3][H:12])([C:4]([C:5]([C:6](=[O:7])[H:17])([H:15])[H:16])([H:13])[H:14])[H:11])([H:8])([H:9])[H:10]>>[C:1]([C@@:2]1([H:11])[O:3][C@:6]([O:7][H:12])([H:17])[C:5]([H:15])([H:16])[C:4]1([H:13])[H:14])([H:8])([H:9])[H:10],train
181,184.0,1.0,139,115,[C:1]([C@@:2]([O:3][H:12])([C:4]([C:5]([C:6](=[O:7])[H:17])([H:15])[H:16])([H:13])[H:14])[H:11])([H:8])([H:9])[H:10]>>[C:1]([C:2](=[O:3])[C:4]([C:5]([C:6]([O:7][H:12])([H:11])[H:17])([H:15])[H:16])([H:13])[H:14])([H:8])([H:9])[H:10],train
182,185.0,0.0,140,116,[O:1]([C:2]1([C:3]([C:4](=[O:5])[H:11])([H:9])[H:10])[C:6]([H:12])([H:13])[C:7]1([H:14])[H:15])[H:8]>>[O:1]=[C:2]1[C:3]([H:9])([H:10])[C@@:4]([O:5][H:8])([H:11])[C:6]([H:12])([H:13])[C:7]1([H:14])[H:15],train
183,186.0,0.0,141,117,[N:1](=[C:2](\[O:3][C:4](=[O:5])[H:9])[C:6](=[O:7])[H:10])\[H:8]>>[N:1]([C:2](=[O:3])[C:6](=[O:7])[H:10])([C:4](=[O:5])[H:9])[H:8],train
184,187.0,0.0,142,118,[O:1]=[C:2]1[C:3]([H:8])([H:9])[N:4]2[C:5]([H:10])([H:11])[C:6]([H:12])([H:13])[C@@:7]12[H:14]>>[O:1]=[C:2]=[C:7]([C:6]([C:5]([N:4]=[C:3]([H:8])[H:9])([H:10])[H:11])([H:12])[H:13])[H:14],train
185,188.0,0.0,143,119,[C:1]1([H:8])([H:9])[C:2]([H:10])([H:11])[C:3]12[C:4]([H:12])([H:13])[C@@:5]1([H:14])[O:6][C@@:7]21[H:15]>>[C:1]1([H:8])([H:9])[C:2]([H:10])([H:11])[C:3]12[C:4]([H:12])([H:13])[C@@:5]2([C:7](=[O:6])[H:15])[H:14],train
187,190.0,0.0,144,120,[C:1]([C@@:2]1([C:3]([C:4]([O:5][H:15])([H:13])[H:14])([H:11])[H:12])[C:6]([H:16])([H:17])[O:7]1)([H:8])([H:9])[H:10]>>[C:1]([C:2](=[C:3]([H:11])[H:12])[C:6]([O:7][H:15])([H:16])[H:17])([H:8])([H:9])[H:10].[C:4](=[O:5])([H:13])[H:14],train
189,192.0,0.0,145,121,[C:1]([C@:2]12[C:3]([H:11])([H:12])[C@@:4]1([H:13])[C@@:5]1([H:14])[N:6]([H:15])[C@@:7]21[H:16])([H:8])([H:9])[H:10]>>[C:1]([C:2]1=[C:7]([H:16])[C@@:5]2([H:14])[C@@:4]([H:13])([C:3]1([H:11])[H:12])[N:6]2[H:15])([H:8])([H:9])[H:10],train
192,195.0,0.0,146,122,[C:1](/[N:2]=[C:3]1\[O:4][C@@:5]2([H:11])[C:6]([H:12])([H:13])[C@@:7]12[H:14])([H:8])([H:9])[H:10]>>[C:1]([N:2]=[C:3]=[C:7]([C:6]([C:5](=[O:4])[H:11])([H:12])[H:13])[H:14])([H:8])([H:9])[H:10],train
193,196.0,0.0,147,123,[C:1]([C:2]1([C:3]([H:11])([H:12])[H:13])[C:4]([H:14])([H:15])[C:5](=[O:6])[O:7]1)([H:8])([H:9])[H:10]>>[C:1]([C:2]([C:3]([H:11])([H:12])[H:13])=[C:4]([H:14])[H:15])([H:8])([H:9])[H:10].[C:5](=[O:6])=[O:7],train
194,197.0,0.0,148,124,[O:1]([C@@:2]1([H:9])[C@:3]2([H:10])[O:4][C@@:5]1([H:11])[C@:6]2([O:7][H:13])[H:12])[H:8]>>[O:1](/[C:2](=[C:5](/[O:4]/[C:3](=[C:6](/[O:7][H:13])[H:12])[H:10])[H:11])[H:9])[H:8],train
195,198.0,1.0,149,124,[O:1]([C@@:2]1([H:9])[C@:3]2([H:10])[O:4][C@@:5]1([H:11])[C@:6]2([O:7][H:13])[H:12])[H:8]>>[O:1](/[C:2](=[C:5](/[C@:6]([C:3](=[O:4])[H:10])([O:7][H:13])[H:12])[H:11])[H:9])[H:8],train
196,199.0,0.0,150,125,[O:1]=[C:2]1[C@@:3]2([H:8])[N:4]([H:9])[C@:5]1([H:10])[C:6]([H:11])=[C:7]2[H:12]>>[C:3]1([H:8])=[C:7]([H:12])[C:6]([H:11])=[C:5]([H:10])[N:4]1[H:9].[O+:1]#[C-:2],train
197,200.0,1.0,151,125,[O:1]=[C:2]1[C@@:3]2([H:8])[N:4]([H:9])[C@:5]1([H:10])[C:6]([H:11])=[C:7]2[H:12]>>[O:1]=[C:2]1[N:4]([H:9])[C:3]([H:8])=[C:7]([H:12])[C:6]([H:11])=[C:5]1[H:10],train
198,201.0,2.0,152,125,[O:1]=[C:2]1[C@@:3]2([H:8])[N:4]([H:9])[C@:5]1([H:10])[C:6]([H:11])=[C:7]2[H:12]>>[O:1]=[C:2]1[C:3]([H:8])=[C:7]([H:12])[C@@:6]2([H:11])[N:4]([H:9])[C@@:5]12[H:10],train
199,202.0,0.0,153,126,[C:1]1([H:8])([H:9])[C:2]([H:10])([H:11])[C:3]2=[N:4][C:5]([H:12])=[C:6]([H:13])[N:7]12>>[C:1]1([H:8])([H:9])[C:2]([H:10])([H:11])[C:3]12[N:4]=[C:5]([H:12])[C:6]([H:13])=[N:7]2,train
200,203.0,1.0,154,126,[C:1]1([H:8])([H:9])[C:2]([H:10])([H:11])[C:3]2=[N:4][C:5]([H:12])=[C:6]([H:13])[N:7]12>>[C:1]([C:2](=[C:3]1[N:4]=[C:5]([H:12])[C:6]([H:13])=[N:7]1)[H:11])([H:8])([H:9])[H:10],train
201,204.0,0.0,155,127,[O:1]([C:2]1=[C:3]([H:9])[N:4]=[N:5][C:6]([H:10])=[N:7]1)[H:8]>>[O:1]=[C:2]1[C:3]([H:9])=[N:4][N:5]=[C:6]([H:10])[N:7]1[H:8],train
204,207.0,0.0,156,128,[C:1](/[C:2](=[N:3]/[H:11])[O:4][C:5]1([H:12])[C:6]([H:13])([H:14])[C:7]1([H:15])[H:16])([H:8])([H:9])[H:10]>>[C:1]([C:2]#[N:3])([H:8])([H:9])[H:10].[O:4]=[C:5]([C:7]([C:6]([H:11])([H:13])[H:14])([H:15])[H:16])[H:12],train
205,208.0,0.0,157,129,[C:1]([C@:2]12[C@@:3]3([H:11])[C@:4]4([H:12])[C@@:5]3([H:13])[C@@:6]1([H:14])[C@:7]24[H:15])([H:8])([H:9])[H:10]>>[C:1]([C:2]1=[C:6]([H:14])[C:5]([H:13])=[C:3]([H:11])[C:4]([H:12])=[C:7]1[H:15])([H:8])([H:9])[H:10],train
206,209.0,0.0,158,130,[O:1]([C:2]([C@@:3]([C:4]#[C:5][H:12])([C:6]#[N:7])[H:11])([H:9])[H:10])[H:8]>>[C:3](=[C:4]=[C:5]([H:8])[H:12])([C:6]#[N:7])[H:11].[O:1]=[C:2]([H:9])[H:10],train
207,210.0,0.0,159,131,[C:1]1([H:8])([H:9])[O:2][C@@:3]2([H:10])[C:4]([H:11])=[C:5]([H:12])[C:6]([H:13])([H:14])[C@@:7]12[H:15]>>[C:1](=[O:2])([H:8])[H:9].[C:3]1([H:10])=[C:7]([H:15])[C:6]([H:13])([H:14])[C:5]([H:12])=[C:4]1[H:11],train
208,211.0,0.0,160,132,[N:1]#[C:2][C:3](=[C:4]([O-:5])[H:8])[N+:7]#[N:6]>>[N:1]#[C:2][C:3](=[C:4]=[O:5])[H:8].[N:6]#[N:7],train
217,220.0,0.0,161,133,[C:1]1([H:8])([H:9])[C@@:2]2([H:10])[C@@:3]3([H:11])[O:4][C:5]([H:12])([H:13])[C@:6]1([H:14])[C@@:7]23[H:15]>>[C:1]1([H:8])([H:9])[C:2]([H:10])=[C:3]([H:11])[C:7]([H:15])=[C:6]1[H:14].[O:4]=[C:5]([H:12])[H:13],train
218,221.0,0.0,162,134,[N:1]([C:2]1=[C:3]([O:4][H:10])[C:5]([H:11])=[C:6]([H:12])[N:7]1[H:13])([H:8])[H:9]>>[N:1]([C:2]1=[N:7][C:6]([H:12])([H:13])[C:5]([H:11])=[C:3]1[O:4][H:10])([H:8])[H:9],train
219,222.0,0.0,163,135,[C:1]([C@@:2]1([H:11])[C:3]([H:12])([H:13])[C@@:4]2([H:14])[O:5][C:6]([H:15])([H:16])[C@@:7]12[H:17])([H:8])([H:9])[H:10]>>[C:1]([C@@:2]([C:3]([C:4](=[O:5])[H:14])([H:12])[H:13])([C:7](=[C:6]([H:15])[H:16])[H:17])[H:11])([H:8])([H:9])[H:10],train
220,223.0,0.0,164,136,[O:1]([C:2]1([C:6](=[O:7])[H:13])[C:3]([H:9])([H:10])[O:4][C:5]1([H:11])[H:12])[H:8]>>[O:1]=[C:2]1[C:3]([H:9])([H:10])[O:4][C:5]([H:11])([H:12])[C@@:6]1([O:7][H:8])[H:13],train
221,224.0,1.0,165,136,[O:1]([C:2]1([C:6](=[O:7])[H:13])[C:3]([H:9])([H:10])[O:4][C:5]1([H:11])[H:12])[H:8]>>[O:1]([C:2](=[C:3]([H:9])[H:10])[C:6](=[O:7])[H:13])[H:8].[O:4]=[C:5]([H:11])[H:12],train
222,225.0,0.0,166,137,[N:1](=[C:2](/[O:3][C:4]([C:5]([C:6]#[N:7])([H:12])[H:13])([H:10])[H:11])[H:9])\[H:8]>>[C:4](=[C:5]([C:6]#[N:7])[H:12])([H:10])[H:11].[N:1]([C:2](=[O:3])[H:9])([H:8])[H:13],train
224,227.0,0.0,167,138,[N:1]#[C:2][C@@:3]1([H:8])[C@@:4]2([H:9])[C:5]([H:10])([H:11])[C:6]([H:12])([H:13])[N:7]12>>[N:1]#[C:2][C:3](=[N+:7]1[C-:4]([H:9])[C:5]([H:10])([H:11])[C:6]1([H:12])[H:13])[H:8],train
225,228.0,0.0,168,139,[O:1]=[C:2]1[C:3]([H:8])([H:9])[N:4]2[C:5]([H:10])([H:11])[C:6]1([H:12])[C:7]2([H:13])[H:14]>>[O:1]=[C:2]([C:3]([N:4]=[C:7]([H:13])[H:14])([H:8])[H:9])[C:6](=[C:5]([H:10])[H:11])[H:12],train
226,229.0,0.0,169,140,[C:1]([N:2]([C:3](=[O:4])[N:5](/[C:6](=[N:7]/[H:14])[H:13])[H:12])[H:11])([H:8])([H:9])[H:10]>>[C:1]([N:2]([C:3](=[O:4])/[N:5]=[C:6](/[N:7]([H:12])[H:14])[H:13])[H:11])([H:8])([H:9])[H:10],train
227,230.0,0.0,170,141,[C:1]([C@@:2]12[O:3][C@@:4]3([H:11])[C:5]([H:12])([H:13])[C@:6]1([H:14])[C@@:7]23[H:15])([H:8])([H:9])[H:10]>>[C:1]([C:2](=[O:3])[C@:6]1([H:14])[C:5]([H:12])([H:13])[C:4]([H:11])=[C:7]1[H:15])([H:8])([H:9])[H:10],train
228,231.0,0.0,171,142,[C:1]1([H:8])([H:9])[C@:2]2([H:10])[O:3][C:4]([H:11])([H:12])[C:5]([H:13])([H:14])[O:6][C@:7]12[H:15]>>[C:1]([C:2](=[O:3])[H:10])([C:7](=[O:6])[H:15])([H:8])[H:9].[C:4](=[C:5]([H:13])[H:14])([H:11])[H:12],train
231,234.0,0.0,172,143,[C:1]([C:2]1=[N:3][O:4][C:5](=[O:6])[O:7]1)([H:8])([H:9])[H:10]>>[C:1]([N:3]=[C:2]=[O:7])([H:8])([H:9])[H:10].[O:4]=[C:5]=[O:6],train
232,235.0,0.0,173,144,[C:1]([C@@:2]12[C@@:3]3([H:11])[C:4]([H:12])([H:13])[N:5]1[C:6]([H:14])([H:15])[C@@:7]23[H:16])([H:8])([H:9])[H:10]>>[C:1]([C:2]1=[N:5][C:4]([H:12])([H:13])[C@:3]1([C:7](=[C:6]([H:14])[H:15])[H:16])[H:11])([H:8])([H:9])[H:10],train
233,236.0,0.0,174,145,[C:1]([N:2]1[C@@:3]2([H:11])[C@@:4]3([H:12])[C:5]([H:13])([H:14])[C@:6]1([H:15])[C@@:7]23[H:16])([H:8])([H:9])[H:10]>>[C:1](/[N:2]=[C:3](/[C@@:4]1([H:12])[C:5]([H:13])([H:14])[C:6]([H:15])=[C:7]1[H:16])[H:11])([H:8])([H:9])[H:10],train
234,237.0,1.0,175,145,[C:1]([N:2]1[C@@:3]2([H:11])[C@@:4]3([H:12])[C:5]([H:13])([H:14])[C@:6]1([H:15])[C@@:7]23[H:16])([H:8])([H:9])[H:10]>>[C:1]([N:2]1[C@:3]([C:4](=[C:5]([H:13])[H:14])[H:12])([H:11])[C:7]([H:16])=[C:6]1[H:15])([H:8])([H:9])[H:10],train
235,238.0,0.0,176,146,[O:1]=[C:2]([C:3]([C:4]#[C:5][H:10])([H:8])[H:9])[C:6]#[N:7]>>[C:3](=[C:4]=[C:5]([C:6]#[N:7])[H:10])([H:8])[H:9].[O+:1]#[C-:2],train
236,239.0,0.0,177,147,[O:1]([C+:2]1[N-:3][C:4]([O:5][H:9])=[C:6]([H:10])[N:7]1[H:11])[H:8]>>[O:1]=[C:2]1[N:3]([H:8])[C:4]([O:5][H:9])=[C:6]([H:10])[N:7]1[H:11],train
237,240.0,0.0,178,148,[O:1]([C@@:2]1([H:9])[C:3]([H:10])([H:11])[C@:4]1([O:5][C:6](=[O:7])[H:13])[H:12])[H:8]>>[O:1]([C@@:2]([C:4](=[C:3]([H:10])[H:11])[H:12])([O:7][C:6](=[O:5])[H:13])[H:9])[H:8],train
238,241.0,1.0,179,148,[O:1]([C@@:2]1([H:9])[C:3]([H:10])([H:11])[C@:4]1([O:5][C:6](=[O:7])[H:13])[H:12])[H:8]>>[O:1]=[C:2]([C:4](=[C:3]([H:10])[H:11])[H:12])[H:9].[O:5]=[C:6]([O:7][H:8])[H:13],train
239,242.0,0.0,180,149,[C:1]([C:2]1=[C:3]([H:11])[O:4][C:5]([O:6][H:12])=[N:7]1)([H:8])([H:9])[H:10]>>[C:1]([C:2]1=[C:3]([H:11])[O:4][C:5](=[O:6])[N:7]1[H:12])([H:8])([H:9])[H:10],train
240,243.0,0.0,181,150,[C:1]([C@@:2]1([H:11])[C@:3]([C:4]([H:13])([H:14])[H:15])([H:12])[C@:5]1([C:6]#[C:7][H:17])[H:16])([H:8])([H:9])[H:10]>>[C:1]([C@@:2]([C:3](=[C:4]([H:14])[H:15])[H:12])([C:5](=[C:6]=[C:7]([H:13])[H:17])[H:16])[H:11])([H:8])([H:9])[H:10],train
241,244.0,0.0,182,151,[C:1]([O:2][C@@:3]1([H:11])[C@@:4]2([H:12])[C:5]([H:13])([H:14])[C:6]([H:15])([H:16])[C@@:7]12[H:17])([H:8])([H:9])[H:10]>>[C:1](=[O:2])([H:8])[H:9].[C:3]1([H:11])=[C:4]([H:12])[C:5]([H:13])([H:14])[C:6]([H:15])([H:16])[C:7]1([H:10])[H:17],train
242,245.0,0.0,183,152,[O:1]([C@@:2]1([H:9])[C:3]([H:10])([H:11])[C@@:4]2([O:5][H:12])[C:6]([H:13])([H:14])[C@@:7]12[H:15])[H:8]>>[O:1](/[C:2](=[C:7](/[C:6]([C:4](=[C:3]([H:10])[H:11])[O:5][H:12])([H:13])[H:14])[H:15])[H:9])[H:8],train
243,246.0,0.0,184,153,[C:1]([C@@:2]12[C:3]([H:11])([H:12])[C@@:4]([H:13])([C:5]([H:14])([H:15])[C:6]1([H:16])[H:17])[O:7]2)([H:8])([H:9])[H:10]>>[C:1]([C:2](=[C:3]([H:11])[H:12])[C:6]([C:5]([C:4](=[O:7])[H:13])([H:14])[H:15])([H:16])[H:17])([H:8])([H:9])[H:10],train
246,249.0,0.0,185,154,[C:1]([C@@:2]12[O:3][C@@:4]3([H:11])[C@:5]1([H:12])[O:6][C@@:7]23[H:13])([H:8])([H:9])[H:10]>>[C:1]([C@@:2]1([C:7](=[O:6])[H:13])[O:3][C:4]([H:11])=[C:5]1[H:12])([H:8])([H:9])[H:10],train
247,250.0,1.0,186,154,[C:1]([C@@:2]12[O:3][C@@:4]3([H:11])[C@:5]1([H:12])[O:6][C@@:7]23[H:13])([H:8])([H:9])[H:10]>>[C:1]([C:2](=[O:3])[C@@:7]1([H:13])[C:4]([H:11])=[C:5]([H:12])[O:6]1)([H:8])([H:9])[H:10],train
248,251.0,2.0,187,154,[C:1]([C@@:2]12[O:3][C@@:4]3([H:11])[C@:5]1([H:12])[O:6][C@@:7]23[H:13])([H:8])([H:9])[H:10]>>[C:1]([C:2]1=[C:7]([H:13])[O:6][C@:5]1([C:4](=[O:3])[H:11])[H:12])([H:8])([H:9])[H:10],train
249,252.0,0.0,188,155,[C:1]([C@@:2]([O:3][H:12])([C@@:4]([O:5][H:14])([C:6](=[O:7])[H:15])[H:13])[H:11])([H:8])([H:9])[H:10]>>[C:1]([C@@:2]([O:3][H:12])([C:4](=[O:5])[C:6]([O:7][H:14])([H:13])[H:15])[H:11])([H:8])([H:9])[H:10],train
250,253.0,0.0,189,156,[O:1]([C:2]([C:3]#[C:4][C:5]([C:6](=[O:7])[H:13])([H:11])[H:12])([H:9])[H:10])[H:8]>>[C-:6]#[O+:7].[O:1]([C:2]([C:3](=[C:4]=[C:5]([H:11])[H:12])[H:13])([H:9])[H:10])[H:8],train
251,254.0,0.0,190,157,[C:1]1([H:8])([H:9])[O:2][C@@:3]2([H:10])[C@@:4]3([H:11])[O:5][C@:6]1([H:12])[C@@:7]23[H:13]>>[C:1](=[O:2])([H:8])[H:9].[C:3]1([H:10])=[C:4]([H:11])[O:5][C:6]([H:12])=[C:7]1[H:13],train
252,255.0,1.0,191,157,[C:1]1([H:8])([H:9])[O:2][C@@:3]2([H:10])[C@@:4]3([H:11])[O:5][C@:6]1([H:12])[C@@:7]23[H:13]>>[C:1]1([H:8])([H:9])[O:2][C@:4]2([H:11])[C:3]([H:10])=[C:7]([H:13])[C@@:6]1([H:12])[O:5]2,train
253,256.0,0.0,192,158,[O:1]([C@@:2]1([H:9])[C:3]([H:10])([H:11])[C@:4]2([C:5]([H:12])([H:13])[N:6]2[H:14])[C:7]1([H:15])[H:16])[H:8]>>[O:1]=[C:2]([C:3]([C:4]([C:5]([N:6]([H:8])[H:14])([H:12])[H:13])=[C:7]([H:15])[H:16])([H:10])[H:11])[H:9],train
254,257.0,0.0,193,159,[C:1]([C@@:2]([O:3][C:4](=[O:5])[H:12])([C:6]#[C:7][H:13])[H:11])([H:8])([H:9])[H:10]>>[C:1]([C:2](=[C:6]=[C:7]([O:5][C:4](=[O:3])[H:12])[H:13])[H:11])([H:8])([H:9])[H:10],train
255,258.0,1.0,194,159,[C:1]([C@@:2]([O:3][C:4](=[O:5])[H:12])([C:6]#[C:7][H:13])[H:11])([H:8])([H:9])[H:10]>>[C:1]([C:2](=[C:6]=[C:7]([H:12])[H:13])[H:11])([H:8])([H:9])[H:10].[O:3]=[C:4]=[O:5],train
256,259.0,0.0,195,160,[N:1](=[C:2]1\[N:3]=[N:4][O:5][N:6]=[C:7]1[H:9])\[H:8]>>[N-:1]([C:2]([N+:4]#[N:3])=[C:7]([N:6]=[O:5])[H:9])[H:8],train
257,260.0,1.0,196,160,[N:1](=[C:2]1\[N:3]=[N:4][O:5][N:6]=[C:7]1[H:9])\[H:8]>>[N:1]#[C:2][C:7]([N:6]=[O:5])([H:8])[H:9].[N:3]#[N:4],train
258,261.0,2.0,197,160,[N:1](=[C:2]1\[N:3]=[N:4][O:5][N:6]=[C:7]1[H:9])\[H:8]>>[N:1](=[C:2]=[C:7]([N:6]=[O:5])[H:9])[H:8].[N:3]#[N:4],train
259,262.0,3.0,198,160,[N:1](=[C:2]1\[N:3]=[N:4][O:5][N:6]=[C:7]1[H:9])\[H:8]>>[N:1](=[C:2]=[N:3][N:4]=[O:5])[H:8].[N:6]#[C:7][H:9],train
260,263.0,4.0,199,160,[N:1](=[C:2]1\[N:3]=[N:4][O:5][N:6]=[C:7]1[H:9])\[H:8]>>[N:1](=[C:2]1\[O:5][N:6]=[C:7]1[H:9])\[H:8].[N:3]#[N:4],train
261,264.0,0.0,200,161,[N:1]#[C:2][C:3]12[C:4]([H:8])([H:9])[C:5]([H:10])([C:6]1([H:11])[H:12])[O:7]2>>[N:1]#[C:2][C:3](=[C:4]([H:8])[H:9])[C:6]([C:5](=[O:7])[H:10])([H:11])[H:12],train
262,265.0,1.0,201,161,[N:1]#[C:2][C:3]12[C:4]([H:8])([H:9])[C:5]([H:10])([C:6]1([H:11])[H:12])[O:7]2>>[N:1]#[C:2][C:3]([C:6]([C:5](=[C:4]([H:8])[H:9])[H:10])([H:11])[H:12])=[O:7],train
263,266.0,0.0,202,162,[C:1]([C:2](=[O:3])[C:4](=[O:5])[C:6](=[O:7])[H:11])([H:8])([H:9])[H:10]>>[C-:4]#[O+:5].[C:1]([C:2](=[O:3])[C:6](=[O:7])[H:11])([H:8])([H:9])[H:10],train
264,267.0,1.0,203,162,[C:1]([C:2](=[O:3])[C:4](=[O:5])[C:6](=[O:7])[H:11])([H:8])([H:9])[H:10]>>[C:1]([C:2]([O:3][C:6](=[O:7])[H:11])=[C:4]=[O:5])([H:8])([H:9])[H:10],train
265,268.0,0.0,204,163,[C:1]([C@@:2]([O:3][H:12])([C:4](=[O:5])[C:6]#[C:7][H:13])[H:11])([H:8])([H:9])[H:10]>>[C:1]([C:2](=[O:3])[H:11])([H:8])([H:9])[H:10].[C:4](=[O:5])=[C:6]=[C:7]([H:12])[H:13],train
266,271.0,0.0,205,164,[O:1]([C@@:2]1([H:9])[C@@:3]2([H:10])[C@@:4]3([H:11])[C:5]([H:12])([H:13])[C@:6]1([H:14])[N:7]23)[H:8]>>[O:1](/[C:2](=[C:3](/[C@@:4]1([H:11])[C:5]([H:12])([H:13])[C:6]([H:14])=[N:7]1)[H:10])[H:9])[H:8],train
267,272.0,1.0,206,164,[O:1]([C@@:2]1([H:9])[C@@:3]2([H:10])[C@@:4]3([H:11])[C:5]([H:12])([H:13])[C@:6]1([H:14])[N:7]23)[H:8]>>[O:1](/[C:2](=[C:6](/[C:5]([C@:4]1([H:11])[C:3]([H:10])=[N:7]1)([H:12])[H:13])[H:14])[H:9])[H:8],train
268,273.0,0.0,207,165,[N:1]([C:2](=[O:3])[C:4]([C@@:5]1([H:12])[C:6]([H:13])([H:14])[O:7]1)([H:10])[H:11])([H:8])[H:9]>>[C:4](=[C:5]([C:6]([O:7][H:9])([H:13])[H:14])[H:12])([H:10])[H:11].[N:1](=[C:2]=[O:3])[H:8],train
269,274.0,0.0,208,166,[C:1]([C:2](=[O:3])[C@@:4]([O:5][H:12])([C:6](=[O:7])[H:13])[H:11])([H:8])([H:9])[H:10]>>[C:1]([C:2](=[O:3])[O:5]/[C:4](=[C:6](\[O:7][H:12])[H:13])[H:11])([H:8])([H:9])[H:10],train
270,275.0,0.0,209,167,[C:1]([C:2]([N:3](/[C:4](=[N:5]/[H:14])[C:6]#[N:7])[H:13])([H:11])[H:12])([H:8])([H:9])[H:10]>>[C:1]([C:2](/[N:3]=[C:4](/[N:5]([H:13])[H:14])[C:6]#[N:7])([H:11])[H:12])([H:8])([H:9])[H:10],train
271,276.0,0.0,210,168,[N:1](=[C:2]=[C:7]([C:6](=[O:5])[H:9])[H:10])[H:8].[N:3]#[N:4]>>[N:1]#[C:2]/[C:7](=[C:6](\[O:5][H:8])[H:9])[H:10].[N:3]#[N:4],train
272,277.0,1.0,211,168,[N:1](=[C:2]=[C:7]([C:6](=[O:5])[H:9])[H:10])[H:8].[N:3]#[N:4]>>[N:1](=[C:2](/[C:7](=[C:6]=[O:5])[H:10])[H:9])\[H:8].[N:3]#[N:4],train
273,278.0,0.0,212,169,[C:1]([N:2]1[C@:3]2([H:11])[C:4]([H:12])([H:13])[C@@:5]1([H:14])[C:6]([H:15])=[C:7]2[H:16])([H:8])([H:9])[H:10]>>[C:1]([N:2]1[C@@:3]2([H:11])[C:4]([H:12])([H:13])[C:5]([H:14])=[C:6]([H:15])[C@@:7]12[H:16])([H:8])([H:9])[H:10],train
274,279.0,1.0,213,169,[C:1]([N:2]1[C@:3]2([H:11])[C:4]([H:12])([H:13])[C@@:5]1([H:14])[C:6]([H:15])=[C:7]2[H:16])([H:8])([H:9])[H:10]>>[C:1]([N:2]1[C:3]([H:11])=[C:7]([H:16])[C@@:6]2([H:15])[C:4]([H:12])([H:13])[C@@:5]12[H:14])([H:8])([H:9])[H:10],train
275,280.0,0.0,214,170,[C:1]([C:2]1=[C:3]([H:11])[N:4]([H:12])[C:5]([O:6][H:13])=[N:7]1)([H:8])([H:9])[H:10]>>[C:1]([C:2]1=[C:3]([H:11])[N:4]([H:12])[C:5](=[O:6])[N:7]1[H:13])([H:8])([H:9])[H:10],train
276,281.0,0.0,215,171,[O:1]([C:2]([C@@:3]([C:4](=[O:5])[H:12])([C:6]#[C:7][H:13])[H:11])([H:9])[H:10])[H:8]>>[C-:4]#[O+:5].[O:1]([C:2]([C:3](=[C:6]=[C:7]([H:12])[H:13])[H:11])([H:9])[H:10])[H:8],train
277,282.0,1.0,216,171,[O:1]([C:2]([C@@:3]([C:4](=[O:5])[H:12])([C:6]#[C:7][H:13])[H:11])([H:9])[H:10])[H:8]>>[C:3]([C:4](=[O:5])[H:12])(=[C:6]=[C:7]([H:8])[H:13])[H:11].[O:1]=[C:2]([H:9])[H:10],train
278,283.0,0.0,217,172,[C:1]([C@@:2]([O:3][H:11])([C:4]([O:5][H:14])([H:12])[H:13])[C:6]#[C:7][H:15])([H:8])([H:9])[H:10]>>[C:1]([C:2]([O:3][H:11])=[C:6]=[C:7]([H:14])[H:15])([H:8])([H:9])[H:10].[C:4](=[O:5])([H:12])[H:13],train
280,285.0,0.0,218,173,[C:1]([C:2]12[C:3]([H:11])([H:12])[C:4]([C:5]([H:13])([H:14])[H:15])([C:6]1([H:16])[H:17])[O:7]2)([H:8])([H:9])[H:10]>>[C:1]([C:2]([C:3]([C:4]([C:5]([H:13])([H:14])[H:15])=[C:6]([H:16])[H:17])([H:11])[H:12])=[O:7])([H:8])([H:9])[H:10],train
281,286.0,0.0,219,174,[O:1](/[N:2]=[C:3]1/[C:4]([H:9])([H:10])[C:5]([H:11])([H:12])[C@:6]1([O:7][H:14])[H:13])[H:8]>>[N:2]#[C:3][C:4]([C:5]([C:6](=[O:7])[H:13])([H:11])[H:12])([H:9])[H:10].[O:1]([H:8])[H:14],train
283,288.0,0.0,220,175,[O:1]1[C@@:2]2([H:8])[C@:3]3([H:9])[C:4]([H:10])=[C:5]([H:11])[C@@:6]2([H:12])[C@:7]13[H:13]>>[O:1]1[C@@:2]2([H:8])[C@@:5]3([H:11])[C:4]([H:10])=[C:3]([H:9])[C@:7]1([H:13])[C@@:6]23[H:12],train
284,289.0,1.0,221,175,[O:1]1[C@@:2]2([H:8])[C@:3]3([H:9])[C:4]([H:10])=[C:5]([H:11])[C@@:6]2([H:12])[C@:7]13[H:13]>>[O:1]=[C:2]([C@@:6]1([H:12])[C@@:5]2([H:11])[C:4]([H:10])=[C:3]([H:9])[C@:7]21[H:13])[H:8],train
285,290.0,0.0,222,176,[O:1]=[C:2]([C:3]1([C:6](=[O:7])[H:11])[C:4]([H:9])([H:10])[O:5]1)[H:8]>>[O:1]=[C:2]([C:3]1=[C:6]([H:11])[O:7][C:4]([H:9])([H:10])[O:5]1)[H:8],train
286,291.0,0.0,223,177,[C:1](#[C:2][C@@:3]1([H:9])[N:4]([H:10])[C@:5]1([C:6]#[N:7])[H:11])[H:8]>>[C:1](#[C:2][C+:3]([N:4]([C:5](=[C:6]=[N-:7])[H:11])[H:10])[H:9])[H:8],train
287,292.0,0.0,224,178,[C:1]([C@@:2]12[C:3]([H:11])([H:12])[C@:4]1([O:5][H:13])[C:6]([H:14])([H:15])[O:7]2)([H:8])([H:9])[H:10]>>[C:1]([C:2]([C:4]1([O:5][H:13])[C:3]([H:11])([H:12])[C:6]1([H:14])[H:15])=[O:7])([H:8])([H:9])[H:10],train
289,294.0,0.0,225,179,[N:1]([C:2]1=[N:3][C:4]([H:10])=[N:5][N:6]=[N:7]1)([H:8])[H:9]>>[C:4](#[N:5])[H:10].[N:1]([C:2]#[N:3])([H:8])[H:9].[N:6]#[N:7],train
290,295.0,0.0,226,180,[C:1]([C:2]1=[C:3]([H:11])[C:4]([H:12])([H:13])[C@@:5]2([H:14])[O:6][C@@:7]12[H:15])([H:8])([H:9])[H:10]>>[C:1](/[C:2]([C:3](=[C:4]([H:12])[H:13])[H:11])=[C:7](/[C:5](=[O:6])[H:14])[H:15])([H:8])([H:9])[H:10],train
291,298.0,0.0,227,181,[C:1](#[C:2][C@:3]1([H:9])[N:4]([H:10])[C@@:5]1([C:6]#[C:7][H:12])[H:11])[H:8]>>[C:1](#[C:2][C-:3]([N:4]([C:5](=[C:6]=[C+:7][H:12])[H:11])[H:10])[H:9])[H:8],train
292,300.0,0.0,228,182,[C:1]1([H:8])([H:9])[C@:2]2([H:10])[C@@:3]3([H:11])[C@:4]2([H:12])[N:5]2[C@:6]1([H:13])[C@@:7]32[H:14]>>[C:1]1([H:8])([H:9])[C@:2]2([H:10])[C@:4]3([H:12])[C:3]([H:11])=[C:7]([H:14])[C@@:6]1([H:13])[N:5]23,train
293,301.0,0.0,229,183,[N:1]([C:2]1=[N:3][C:4]([O:5][H:10])=[C:6]([H:11])[N:7]1[H:12])([H:8])[H:9]>>[N:1]([C+:2]1[N-:3][C+:4]([O:5][H:10])[C:6]([H:11])([H:12])[N-:7]1)([H:8])[H:9],train
295,303.0,0.0,230,184,[N:1](=[C:2]1\[O:3][C@@:4]2([H:9])[C:5]([H:10])([H:11])[C:6]([H:12])([H:13])[C@@:7]12[H:14])\[H:8]>>[C:4]1([H:9])=[C:7]([H:14])[C:6]([H:12])([H:13])[C:5]1([H:10])[H:11].[N:1](=[C:2]=[O:3])[H:8],train
296,304.0,1.0,231,184,[N:1](=[C:2]1\[O:3][C@@:4]2([H:9])[C:5]([H:10])([H:11])[C:6]([H:12])([H:13])[C@@:7]12[H:14])\[H:8]>>[N:1](=[C:2]=[C:7]([C:6]([C:5]([C:4](=[O:3])[H:9])([H:10])[H:11])([H:12])[H:13])[H:14])[H:8],train
297,305.0,0.0,232,185,[O:1]([C:2]([C:3]([O:4][C:5]([C:6]#[C:7][H:15])([H:13])[H:14])([H:11])[H:12])([H:9])[H:10])[H:8]>>[C:5](=[C:6]=[C:7]([H:12])[H:15])([H:13])[H:14].[O:1]([C:2]([C:3](=[O:4])[H:11])([H:9])[H:10])[H:8],train
298,306.0,0.0,233,186,[C:1]([C@@:2]12[C:3]([H:11])([H:12])[C@@:4]3([H:13])[O:5][C@:6]1([H:14])[C@@:7]23[H:15])([H:8])([H:9])[H:10]>>[C:1]([C@:2]1([C:6](=[O:5])[H:14])[C:3]([H:11])([H:12])[C:4]([H:13])=[C:7]1[H:15])([H:8])([H:9])[H:10],train
299,307.0,0.0,234,187,[N:1]([C:2]1=[N:3][N:4]([H:10])[C:5]([O:6][H:11])=[N:7]1)([H:8])[H:9]>>[N:1]([C:2]1=[N:3][N:4]([H:10])[C:5](=[O:6])[N:7]1[H:11])([H:8])[H:9],train
300,308.0,0.0,235,188,[O:1]([C@@:2]1([H:9])[C:3]([H:10])([H:11])[C@:4]2([C:5]([H:12])([H:13])[O:6]2)[C:7]1([H:14])[H:15])[H:8]>>[O:1]=[C:2]([C:7]([C:4](=[C:3]([H:10])[H:11])[C:5]([O:6][H:8])([H:12])[H:13])([H:14])[H:15])[H:9],train
301,309.0,0.0,236,189,[C:1]([O:2][C:3]([C@@:4]1([H:13])[C:5]([H:14])([H:15])[C@:6]1([O:7][H:17])[H:16])([H:11])[H:12])([H:8])([H:9])[H:10]>>[C:1]([O:2][H:17])([H:8])([H:9])[H:10].[C:3](=[C:4]([C:5]([C:6](=[O:7])[H:16])([H:14])[H:15])[H:13])([H:11])[H:12],train
302,310.0,1.0,237,189,[C:1]([O:2][C:3]([C@@:4]1([H:13])[C:5]([H:14])([H:15])[C@:6]1([O:7][H:17])[H:16])([H:11])[H:12])([H:8])([H:9])[H:10]>>[C:1]([O:2]/[C:3](=[C:4](\[C:5]([C:6](=[O:7])[H:16])([H:14])[H:15])[H:13])[H:12])([H:8])([H:9])[H:10].[H:11][H:17],train
304,312.0,0.0,238,190,[N:1]([C@:2]12[C:3]([H:10])([H:11])[C@@:4]1([H:12])[O:5][C:6]2=[O:7])([H:8])[H:9]>>[N:1]([C:2]([C:3]([C:4](=[O:5])[H:12])([H:10])[H:11])=[C:6]=[O:7])([H:8])[H:9],train
305,313.0,1.0,239,190,[N:1]([C@:2]12[C:3]([H:10])([H:11])[C@@:4]1([H:12])[O:5][C:6]2=[O:7])([H:8])[H:9]>>[N:1]([C:2]1=[C:4]([H:12])[C:3]1([H:10])[H:11])([H:8])[H:9].[O:5]=[C:6]=[O:7],train
306,314.0,2.0,240,190,[N:1]([C@:2]12[C:3]([H:10])([H:11])[C@@:4]1([H:12])[O:5][C:6]2=[O:7])([H:8])[H:9]>>[C-:6]#[O+:7].[N:1]([C:2](=[C:3]([H:10])[H:11])[C:4](=[O:5])[H:12])([H:8])[H:9],train
307,315.0,3.0,241,190,[N:1]([C@:2]12[C:3]([H:10])([H:11])[C@@:4]1([H:12])[O:5][C:6]2=[O:7])([H:8])[H:9]>>[N:1]([C+:2]([C:4](=[C:3]([H:10])[H:11])[H:12])[C:6]([O-:5])=[O:7])([H:8])[H:9],train
308,316.0,0.0,242,191,[C:1]([C@:2]12[C:3]([H:11])([H:12])[C@@:4]1([H:13])[C:5](=[O:6])[O:7]2)([H:8])([H:9])[H:10]>>[C:1]([C:2]([C:3]([C:4](=[C:5]=[O:6])[H:13])([H:11])[H:12])=[O:7])([H:8])([H:9])[H:10],train
309,317.0,1.0,243,191,[C:1]([C@:2]12[C:3]([H:11])([H:12])[C@@:4]1([H:13])[C:5](=[O:6])[O:7]2)([H:8])([H:9])[H:10]>>[C:1]([C:2]1=[C:4]([H:13])[C:3]1([H:11])[H:12])([H:8])([H:9])[H:10].[C:5](=[O:6])=[O:7],train
310,318.0,0.0,244,192,[O:1]=[C:2]1[O:3][C:4]([H:8])([H:9])[C@@:5]12[C:6]([H:10])([H:11])[O:7]2>>[C:4](=[C:5]1[C:6]([H:10])([H:11])[O:7]1)([H:8])[H:9].[O:1]=[C:2]=[O:3],train
311,319.0,0.0,245,193,[O:1]([C:2]([C@@:3]1([H:11])[C:4]([H:12])([H:13])[C@:5]1([C:6]#[C:7][H:15])[H:14])([H:9])[H:10])[H:8]>>[O:1](/[C:2](=[C:3](/[C:4]([C:5](=[C:6]=[C:7]([H:9])[H:15])[H:14])([H:12])[H:13])[H:11])[H:10])[H:8],train
312,323.0,0.0,246,194,[C:1]([C@:2]12[C:3]([H:11])([H:12])[O:4][C@@:5]1([H:13])[C@:6]2([O:7][H:15])[H:14])([H:8])([H:9])[H:10]>>[C:1](/[C:2]([C:3]([O:4][H:15])([H:11])[H:12])=[C:5](/[C:6](=[O:7])[H:14])[H:13])([H:8])([H:9])[H:10],train
313,324.0,0.0,247,195,[C:1]1([H:8])([H:9])[C@:2]2([H:10])[O:3][C@:4]3([H:11])[C:5]([H:12])([H:13])[N:6]1[C@:7]23[H:14]>>[C:1]1([H:8])([H:9])[C:2]([H:10])=[C:7]([H:14])[N:6]1[C:5]([C:4](=[O:3])[H:11])([H:12])[H:13],train
315,326.0,0.0,248,196,[C:1]([C:2]([O:3][H:11])([C:4](=[O:5])[H:12])[C:6](=[O:7])[H:13])([H:8])([H:9])[H:10]>>[C:1]([C:2](=[O:3])[C@@:6]([C:4](=[O:5])[H:12])([O:7][H:11])[H:13])([H:8])([H:9])[H:10],train
316,327.0,1.0,249,196,[C:1]([C:2]([O:3][H:11])([C:4](=[O:5])[H:12])[C:6](=[O:7])[H:13])([H:8])([H:9])[H:10]>>[C:1](/[C:2]([O:3][C:4](=[O:5])[H:12])=[C:6](/[O:7][H:11])[H:13])([H:8])([H:9])[H:10],train
317,328.0,0.0,250,197,[O:1]([C@@:2]1([H:9])[C:3]([H:10])([H:11])[C@:4]2([H:12])[C:5]([H:13])([H:14])[C@@:6]1([H:15])[O:7]2)[H:8]>>[O:1]=[C:2]([C@@:6]([C:5]([C:4](=[C:3]([H:10])[H:11])[H:12])([H:13])[H:14])([O:7][H:8])[H:15])[H:9],train
318,329.0,1.0,251,197,[O:1]([C@@:2]1([H:9])[C:3]([H:10])([H:11])[C@:4]2([H:12])[C:5]([H:13])([H:14])[C@@:6]1([H:15])[O:7]2)[H:8]>>[O:1]([C@@:2]([C:3]([C:4](=[O:7])[H:12])([H:10])[H:11])([C:6](=[C:5]([H:13])[H:14])[H:15])[H:9])[H:8],train
319,330.0,0.0,252,198,[C:1]([C@@:2]1([H:11])[C@@:3]2([H:12])[C:4]([H:13])([H:14])[C:5]([H:15])=[C:6]([H:16])[C@@:7]12[H:17])([H:8])([H:9])[H:10]>>[C:1](=[C:2]([C@@:3]1([H:12])[C:4]([H:13])([H:14])[C:5]([H:9])([H:15])[C:6]([H:16])=[C:7]1[H:17])[H:11])([H:8])[H:10],train
320,331.0,0.0,253,199,[N:1]([C:2]1=[C:3]([H:10])[N:4]([H:11])[C:5]([O:6][H:12])=[N:7]1)([H:8])[H:9]>>[N:1]([C:2]1=[C:3]([H:10])[N:4]([H:11])[C:5](=[O:6])[N:7]1[H:12])([H:8])[H:9],train
0,,,254,200,[C:1]([C:2]1=[N:3][O:4][N:5]=[N:6]1)([H:7])([H:8])[H:9]>>[C:1]([C:2]#[N:3])([H:7])([H:8])[H:9].[O:4]=[N+:5]=[N-:6],test
2,,,255,201,[O:1]([C+:2]1[N-:3][C:4]([H:8])=[N:5][N:6]1[H:9])[H:7]>>[O:1]=[C:2]1[N:3]([H:7])[C:4]([H:8])=[N:5][N:6]1[H:9],test
3,,,256,202,[C:1]1([H:7])([H:8])[C@@:2]2([H:9])[C@:3]1([H:10])[C@@:4]1([H:11])[N:5]([H:12])[C@@:6]21[H:13]>>[C:1]1([H:7])([H:8])[C:2]([H:9])=[C:6]([H:13])[C@@:4]2([H:11])[C@:3]1([H:10])[N:5]2[H:12],test
4,,,257,202,[C:1]1([H:7])([H:8])[C@@:2]2([H:9])[C@:3]1([H:10])[C@@:4]1([H:11])[N:5]([H:12])[C@@:6]21[H:13]>>[C:1]1([H:7])([H:8])[C:2]([H:9])=[C:6]([H:13])[N:5]([H:12])[C:4]([H:11])=[C:3]1[H:10],test
5,,,258,203,[O:1]=[C:2]1[C:3]([H:7])([H:8])[C@@:4]2([H:9])[O:5][C@@:6]12[H:10]>>[O:1]=[C:2]=[C:6]([O:5][C:4](=[C:3]([H:7])[H:8])[H:9])[H:10],test
7,,,259,204,[O:1]([C:2]([C@@:3]([O:4][H:11])([C:5]#[C:6][H:12])[H:10])([H:8])[H:9])[H:7]>>[C:3]([O:4][H:11])(=[C:5]=[C:6]([H:7])[H:12])[H:10].[O:1]=[C:2]([H:8])[H:9],test
8,,,260,205,[C:1]([C@:2]12[C:3]([H:10])([H:11])[C@@:4]1([H:12])[O:5][C:6]2([H:13])[H:14])([H:7])([H:8])[H:9]>>[C:1]([C:2]([C:3]([C:4](=[O:5])[H:12])([H:10])[H:11])=[C:6]([H:13])[H:14])([H:7])([H:8])[H:9],test
9,,,261,206,[O:1]=[C:2]([N:3]1[C:4]([H:7])([H:8])[C:5]1([H:9])[H:10])[H:6]>>[O:1]1[C:2]([H:6])=[N:3][C:4]([H:7])([H:8])[C:5]1([H:9])[H:10],test
11,,,262,207,[N:1](=[C:2](/[O:3][C:4]([C:5]#[N:6])([H:9])[H:10])[H:8])\[H:7]>>[N:1]([C:2](=[O:3])[H:8])([C:4]([C:5]#[N:6])([H:9])[H:10])[H:7],test
12,,,263,208,[C:1]([C:2]([C@@:3]([O:4][H:13])([C:5](=[O:6])[H:14])[H:12])([H:10])[H:11])([H:7])([H:8])[H:9]>>[C:1]([C:2]([C:3](=[O:4])[C:5]([O:6][H:13])([H:12])[H:14])([H:10])[H:11])([H:7])([H:8])[H:9],test
14,,,264,209,[O:1]=[C:2]1[C:3]([H:7])([H:8])[N:4]2[C:5]([H:9])([H:10])[C@@:6]12[H:11]>>[O:1]=[C:2]=[C:6]([C:5]([N:4]=[C:3]([H:7])[H:8])([H:9])[H:10])[H:11],test
15,,,265,210,[C:1]1([H:7])([H:8])[C@:2]2([H:9])[O:3][C:4]([H:10])([H:11])[O:5][C@:6]12[H:12]>>[C:1](=[C:2]([C:6](=[O:5])[H:12])[H:9])([H:7])[H:8].[O:3]=[C:4]([H:10])[H:11],test
16,,,266,211,[C:1]1([H:7])([H:8])[C@@:2]2([H:9])[C@:3]3([H:10])[O:4][C@@:5]2([H:11])[C@:6]13[H:12]>>[C:1]1([H:7])([H:8])[C:2]([H:9])=[C:3]([H:10])[C@@:6]1([C:5](=[O:4])[H:11])[H:12],test
17,,,267,212,[O:1]([C@@:2]1([H:8])[C:3]([H:9])([H:10])[C@@:4]2([H:11])[C:5]([H:12])([H:13])[C@@:6]12[H:14])[H:7]>>[O:1](/[C:2](=[C:6](/[C:5]([C:4](=[C:3]([H:9])[H:10])[H:11])([H:12])[H:13])[H:14])[H:8])[H:7],test
20,,,268,213,[O:1]([C@@:2]1([H:8])[C:3]([H:9])([H:10])[C@@:4]2([H:11])[O:5][C@@:6]12[H:12])[H:7]>>[O:1]([C@@:2]1([H:8])[C:3]([H:9])([H:10])[C@@:4]1([C:6](=[O:5])[H:12])[H:11])[H:7],test
21,,,269,213,[O:1]([C@@:2]1([H:8])[C:3]([H:9])([H:10])[C@@:4]2([H:11])[O:5][C@@:6]12[H:12])[H:7]>>[O:1]=[C:2]([C@@:6]([C:4](=[C:3]([H:9])[H:10])[H:11])([O:5][H:7])[H:12])[H:8],test
22,,,270,214,[O:1]([C:2]([C:3]([O:4]/[C:5](=[N:6]/[H:13])[H:12])([H:10])[H:11])([H:8])[H:9])[H:7]>>[O:1]=[C:2]([C:3]([H:9])([H:10])[H:11])[H:8].[O:4]=[C:5]([N:6]([H:7])[H:13])[H:12],test
23,,,271,215,[C:1]1([H:7])=[N:2][N:3]=[N:4][C:5]([H:8])=[N:6]1>>[C:1](#[N:2])[H:7].[C:5](#[N:6])[H:8].[N:3]#[N:4],test
24,,,272,216,[C:1](/[C:2](=[N:3]/[H:10])[O:4][C:5](=[O:6])[H:11])([H:7])([H:8])[H:9]>>[C:1]([C:2]#[N:3])([H:7])([H:8])[H:9].[O:4]=[C:5]([O:6][H:10])[H:11],test
25,,,273,216,[C:1](/[C:2](=[N:3]/[H:10])[O:4][C:5](=[O:6])[H:11])([H:7])([H:8])[H:9]>>[C:1]([C:2]([N:3]([C:5](=[O:6])[H:11])[H:10])=[O:4])([H:7])([H:8])[H:9],test
26,,,274,217,[O:1]=[C:2]([C:3]([C@@:4]1([H:10])[C:5]([H:11])([H:12])[O:6]1)([H:8])[H:9])[H:7]>>[O:1]=[C:2]([O:6][C:5]([C:4](=[C:3]([H:8])[H:9])[H:10])([H:11])[H:12])[H:7],test
27,,,275,218,[O:1]([C:2]([C@@:3]1([H:9])[C:4]([H:10])([H:11])[N:5]1[H:12])([H:7])[H:8])[H:6]>>[O:1]=[C:2]([C:3]([C:4]([N:5]([H:6])[H:12])([H:10])[H:11])([H:7])[H:9])[H:8],test
28,,,276,219,[C:1]([C:2](=[O:3])[N:4]1[C:5]([H:10])([H:11])[C:6]1([H:12])[H:13])([H:7])([H:8])[H:9]>>[C:1]([C:2]1=[N:4][C:6]([H:12])([H:13])[C:5]([H:10])([H:11])[O:3]1)([H:7])([H:8])[H:9],test
29,,,277,220,[C:1]([C@@:2]1([H:10])[C:3]([H:11])([H:12])[O:4][C:5]1=[O:6])([H:7])([H:8])[H:9]>>[C:1]([C:2](=[C:3]([H:11])[H:12])[H:10])([H:7])([H:8])[H:9].[O:4]=[C:5]=[O:6],test
30,,,278,221,[C:1]([C:2](=[O:3])[O:4]/[C:5](=[N:6]/[H:11])[H:10])([H:7])([H:8])[H:9]>>[C:1]([C:2](=[O:3])[N:6]([C:5](=[O:4])[H:10])[H:11])([H:7])([H:8])[H:9],test
31,,,279,222,[N:1](=[C:2](/[O:3][C:4]([C:5](=[O:6])[H:11])([H:9])[H:10])[H:8])\[H:7]>>[N:1]([C:2](=[O:3])[H:8])([C:4]([C:5](=[O:6])[H:11])([H:9])[H:10])[H:7],test
32,,,280,223,[C:1]([C@@:2]1([H:10])[C@@:3]2([H:11])[C:4]([H:12])([H:13])[C@:5]1([H:14])[O:6]2)([H:7])([H:8])[H:9]>>[C:1](/[C:2](=[C:3](\[C:4]([C:5](=[O:6])[H:14])([H:12])[H:13])[H:11])[H:10])([H:7])([H:8])[H:9],test
33,,,281,223,[C:1]([C@@:2]1([H:10])[C@@:3]2([H:11])[C:4]([H:12])([H:13])[C@:5]1([H:14])[O:6]2)([H:7])([H:8])[H:9]>>[C:1]([C@@:2]([C:3](=[C:4]([H:12])[H:13])[H:11])([C:5](=[O:6])[H:14])[H:10])([H:7])([H:8])[H:9],test
34,,,282,224,[O:1]([C@@:2]1([H:8])[C:3]([H:9])([H:10])[N:4]([H:11])[C:5]1=[O:6])[H:7]>>[N:4](=[C:5]=[O:6])[H:11].[O:1]([C:2](=[C:3]([H:9])[H:10])[H:8])[H:7],test
35,,,283,225,[C:1]([C@:2]12[C:3]([H:10])([H:11])[C@@:4]1([H:12])[C:5]([H:13])([H:14])[O:6]2)([H:7])([H:8])[H:9]>>[C:1]([C:2]([C:3]([C:4](=[C:5]([H:13])[H:14])[H:12])([H:10])[H:11])=[O:6])([H:7])([H:8])[H:9],test
36,,,284,226,[O:1]([C@:2]1([H:8])[C@:3]2([H:9])[C:4]([H:10])([H:11])[C@@:5]1([H:12])[O:6]2)[H:7]>>[O:1]([C@@:2]([C:3](=[C:4]([H:10])[H:11])[H:9])([C:5](=[O:6])[H:12])[H:8])[H:7],test
37,,,285,226,[O:1]([C@:2]1([H:8])[C@:3]2([H:9])[C:4]([H:10])([H:11])[C@@:5]1([H:12])[O:6]2)[H:7]>>[O:1](/[C:2](=[C:5](/[C:4]([C:3](=[O:6])[H:9])([H:10])[H:11])[H:12])[H:8])[H:7],test
38,,,286,227,[O:1]([C@@:2]1([H:8])[C:3]([H:9])([H:10])[O:4]/[C:5]1=[N:6]\[H:11])[H:7]>>[O:1]([C:2](=[C:3]([H:9])[H:10])[H:8])[H:7].[O:4]=[C:5]=[N:6][H:11],test
39,,,287,228,[N:1]1([H:7])[C@@:2]2([H:8])[C@:3]3([H:9])[N:4]([H:10])[C@@:5]2([H:11])[C@:6]13[H:12]>>[N:1](=[C:6](/[C@:3]1([H:9])[C:2]([H:8])=[C:5]([H:11])[N:4]1[H:10])[H:12])\[H:7],test
43,,,288,229,[N:1](=[C:2](/[O:3][C:4](=[O:5])[H:8])[H:7])\[H:6]>>[C-:4]#[O+:5].[N:1]([C:2](=[O:3])[H:7])([H:6])[H:8],test
44,,,289,229,[N:1](=[C:2](/[O:3][C:4](=[O:5])[H:8])[H:7])\[H:6]>>[N:1]([C:2](=[O:3])[H:7])([C:4](=[O:5])[H:8])[H:6],test
47,,,290,230,[C:1]([C:2]#[C:3][C:4]([C:5](=[O:6])[H:12])([H:10])[H:11])([H:7])([H:8])[H:9]>>[C-:5]#[O+:6].[C:1]([C:2](=[C:3]=[C:4]([H:10])[H:11])[H:12])([H:7])([H:8])[H:9],test
48,,,291,231,[C:1]([O:2][C@@:3]([C:4]([H:11])([H:12])[H:13])([C:5]#[C:6][H:14])[H:10])([H:7])([H:8])[H:9]>>[C:1](=[O:2])([H:7])[H:8].[C:3]([C:4]([H:11])([H:12])[H:13])(=[C:5]=[C:6]([H:9])[H:14])[H:10],test
49,,,292,232,[C:1]([C@@:2]1([H:10])[C:3]([H:11])([H:12])[C@@:4]2([H:13])[O:5][C@@:6]12[H:14])([H:7])([H:8])[H:9]>>[C:1]([C@@:2]1([H:10])[C:3]([H:11])([H:12])[C@@:4]1([C:6](=[O:5])[H:14])[H:13])([H:7])([H:8])[H:9],test
50,,,293,233,[O:1]=[C:2]([C:3]1([H:8])[C:4]([H:9])([H:10])[O:5][C:6]1([H:11])[H:12])[H:7]>>[C:4](=[O:5])([H:9])[H:10].[O:1]=[C:2]([C:3](=[C:6]([H:11])[H:12])[H:8])[H:7],test
51,,,294,234,[N:1]([C+:2]1[N-:3][C:4]([H:9])=[N:5][O:6]1)([H:7])[H:8]>>[N:1]([C:2]([N:3]=[C:4]=[N:5][H:9])=[O:6])([H:7])[H:8],test
52,,,295,235,[C:1]1([H:7])([H:8])[C:2]([H:9])=[C:3]([H:10])[C@@:4]2([H:11])[N:5]([H:12])[C@@:6]12[H:13]>>[C:1](=[C:2](/[C:3](=[C:4]([C:6](=[N:5]/[H:12])\[H:13])/[H:11])[H:10])[H:9])([H:7])[H:8],test
53,,,296,236,[O:1]([C@@:2]1([H:8])[C:3]([H:9])([H:10])[O:4][C:5]1=[O:6])[H:7]>>[O:1]([C:2](=[C:3]([H:9])[H:10])[H:8])[H:7].[O:4]=[C:5]=[O:6],test
54,,,297,237,[C:1]([C:2]([O:3][C:4]([C:5]#[C:6][H:14])([H:12])[H:13])([H:10])[H:11])([H:7])([H:8])[H:9]>>[C:1]([C:2](=[O:3])[H:10])([H:7])([H:8])[H:9].[C:4](=[C:5]=[C:6]([H:11])[H:14])([H:12])[H:13],test
55,,,298,238,[C:1](/[N:2]=[C:3](\[O:4][C:5](=[O:6])[H:11])[H:10])([H:7])([H:8])[H:9]>>[C:1]([N:2]([C:3](=[O:4])[H:10])[C:5](=[O:6])[H:11])([H:7])([H:8])[H:9],test
59,,,299,239,[O:1]([C:2]1=[N:3][O:4][N:5]=[N:6]1)[H:7]>>[N:5]#[N:6].[O:1]([C:2]#[N+:3][O-:4])[H:7],test
60,,,300,239,[O:1]([C:2]1=[N:3][O:4][N:5]=[N:6]1)[H:7]>>[O:1]([C:2]#[N:3])[H:7].[O:4]=[N+:5]=[N-:6],test
61,,,301,240,[C:1](/[C:2](=[N:3]\[H:10])[N:4]([C:5](=[O:6])[H:12])[H:11])([H:7])([H:8])[H:9]>>[C:1](/[C:2]([N:3]([H:10])[H:11])=[N:4]/[C:5](=[O:6])[H:12])([H:7])([H:8])[H:9],test
63,,,302,241,[C:1](/[N:2]=[C:3](\[N:4]([H:10])[H:11])[C:5]#[N:6])([H:7])([H:8])[H:9]>>[C:1]([N:2](/[C:3](=[N:4]/[H:11])[C:5]#[N:6])[H:10])([H:7])([H:8])[H:9],test
64,,,303,242,[O:1]=[C:2]1[O:3][N:4]=[N:5][O:6]1>>[N-:4]=[N+:5]=[O:6].[O:1]=[C:2]=[O:3],test
65,,,304,243,[C:1]([C@@:2]([O:3][H:11])([C@@:4]1([H:12])[C:5]([H:13])([H:14])[N:6]1[H:15])[H:10])([H:7])([H:8])[H:9]>>[C:1]([C:2](=[O:3])[C:4]([C:5]([N:6]([H:11])[H:15])([H:13])[H:14])([H:10])[H:12])([H:7])([H:8])[H:9],test
66,,,305,244,[C:1]1([H:7])([H:8])[C@@:2]2([H:9])[C:3]([H:10])([H:11])[C@:4]1([H:12])[C:5]([H:13])=[C:6]2[H:14]>>[C:1]1([H:7])([H:8])[C@:4]2([H:12])[C:3]([H:10])([H:11])[C:2]([H:9])=[C:6]([H:14])[C@:5]12[H:13],test
67,,,306,245,[O:1]1[C@@:2]2([H:7])[C@:3]1([H:8])[C@@:4]1([H:9])[O:5][C@@:6]21[H:10]>>[O:1]1[C:2]([H:7])=[C:6]([H:10])[C@@:4]2([H:9])[C@:3]1([H:8])[O:5]2,test
68,,,307,245,[O:1]1[C@@:2]2([H:7])[C@:3]1([H:8])[C@@:4]1([H:9])[O:5][C@@:6]21[H:10]>>[O:1]=[C:2](/[C:3](=[C:4](\[C:6](=[O:5])[H:10])[H:9])[H:8])[H:7],test
69,,,308,246,[N:1]([C:2]1=[C:3]([H:9])[O:4][N:5]=[N:6]1)([H:7])[H:8]>>[N:1]([C+:2]=[C:3]([O-:4])[H:9])([H:7])[H:8].[N:5]#[N:6],test
70,,,309,247,[C:1]([C@@:2]1([H:10])[O:3][C@:4]1([C:5]([O:6][H:14])([H:12])[H:13])[H:11])([H:7])([H:8])[H:9]>>[C:1](=[C:2]([C@@:4]([O:3][H:14])([C:5]([O:6][H:7])([H:12])[H:13])[H:11])[H:10])([H:8])[H:9],test
71,,,310,247,[C:1]([C@@:2]1([H:10])[O:3][C@:4]1([C:5]([O:6][H:14])([H:12])[H:13])[H:11])([H:7])([H:8])[H:9]>>[C:1]([C@@:2]([O:3][H:14])([C:4]([C:5](=[O:6])[H:12])([H:11])[H:13])[H:10])([H:7])([H:8])[H:9],test
72,,,311,248,[C:1]([C@@:2]([O:3][H:10])([C:4](=[O:5])[H:11])[H:9])([H:6])([H:7])[H:8]>>[C:1]([C:2](=[O:3])[C:4]([O:5][H:10])([H:9])[H:11])([H:6])([H:7])[H:8],test
74,,,312,249,[O:1]=[C:2]1[N:3]([H:7])[N:4]=[N:5][O:6]1>>[N-:4]=[N+:5]=[O:6].[O:1]=[C:2]=[N:3][H:7],test
75,,,313,249,[O:1]=[C:2]1[N:3]([H:7])[N:4]=[N:5][O:6]1>>[N:3](=[N+:4]=[N-:5])[H:7].[O:1]=[C:2]=[O:6],test
76,,,314,250,[C:1]([C@@:2]1([H:10])[N:3]([H:11])[C@:4]1([C:5]([O:6][H:15])([H:13])[H:14])[H:12])([H:7])([H:8])[H:9]>>[C:1]([C@@:2]([N:3]([H:11])[H:15])([C:4]([C:5](=[O:6])[H:13])([H:12])[H:14])[H:10])([H:7])([H:8])[H:9],test
77,,,315,251,[O:1]([C:2]([C:3](=[O:4])[H:9])([C:5](=[O:6])[H:10])[H:8])[H:7]>>[O:1](/[C:2](=[C:5](\[O:6][H:7])[H:10])[H:8])[C:3](=[O:4])[H:9],test
80,,,316,252,[C:1]([C:2]1=[C:3]([H:10])[O:4][N:5]=[N:6]1)([H:7])([H:8])[H:9]>>[C:1]([C:2](=[C:3]=[O:4])[H:10])([H:7])([H:8])[H:9].[N:5]#[N:6],test
82,,,317,253,[N:1](=[C:2](/[O:3][C:4]([C:5]#[C:6][H:11])([H:9])[H:10])[H:8])\[H:7]>>[N:1]([C:2](=[O:3])[H:8])([C:5]1=[C:6]([H:11])[C:4]1([H:9])[H:10])[H:7],test
83,,,318,253,[N:1](=[C:2](/[O:3][C:4]([C:5]#[C:6][H:11])([H:9])[H:10])[H:8])\[H:7]>>[N:1]([C:2](=[O:3])[H:8])([C:4]([C:5]#[C:6][H:11])([H:9])[H:10])[H:7],test
84,,,319,253,[N:1](=[C:2](/[O:3][C:4]([C:5]#[C:6][H:11])([H:9])[H:10])[H:8])\[H:7]>>[N:1]([C:2](=[O:3])[H:8])([C:6](=[C:5]=[C:4]([H:9])[H:10])[H:11])[H:7],test
85,,,320,254,[N:1](=[C:2](/[O:3][C:4]1([H:9])[C:5]([H:10])([H:11])[C:6]1([H:12])[H:13])[H:8])\[H:7]>>[N:1]#[C:2][H:8].[O:3]=[C:4]([C:6]([C:5]([H:7])([H:10])[H:11])([H:12])[H:13])[H:9],test
86,,,321,254,[N:1](=[C:2](/[O:3][C:4]1([H:9])[C:5]([H:10])([H:11])[C:6]1([H:12])[H:13])[H:8])\[H:7]>>[N:1]([C:2](=[O:3])[H:8])([C:5]([C:4](=[C:6]([H:12])[H:13])[H:9])([H:10])[H:11])[H:7],test
88,,,322,255,[O:1]([C:2]1([H:8])[C:3]([H:9])([H:10])[C:4](=[O:5])[C:6]1([H:11])[H:12])[H:7]>>[O:1]=[C:2]([C:3]([C:4]([O:5][H:7])=[C:6]([H:11])[H:12])([H:9])[H:10])[H:8],test
89,,,323,256,[C:1]1([H:7])=[N:2][N:3]=[N:4][N:5]=[C:6]1[H:8]>>[C:1](#[N:2])[H:7].[N:3]#[N:4].[N:5]#[C:6][H:8],test
91,,,324,257,[C:1]1([H:7])([H:8])[C:2]([H:9])([H:10])[C@@:3]2([H:11])[O:4][C:5]([H:12])([H:13])[C@@:6]12[H:14]>>[C:1]([C:2]([C:3](=[O:4])[H:11])([H:9])[H:10])([C:6](=[C:5]([H:12])[H:13])[H:14])([H:7])[H:8],test
93,,,325,258,[O:1]=[C:2]1[C:3]([H:7])([H:8])[C@@:4]2([H:9])[N:5]([H:10])[C@@:6]12[H:11]>>[O:1]=[C:2]=[C:6]([N:5]([C:4](=[C:3]([H:7])[H:8])[H:9])[H:10])[H:11],test
94,,,326,259,[C:1]1([H:7])([H:8])[C@@:2]2([H:9])[C@@:3]3([H:10])[C:4]([H:11])([H:12])[N:5]1[C@@:6]23[H:13]>>[C:1](=[C:2]([C@@:3]1([H:10])[C:4]([H:11])([H:12])[N:5]=[C:6]1[H:13])[H:9])([H:7])[H:8],test
95,,,327,260,[C:1](/[C:2](=[N:3]/[O:4][H:10])[C:5]([O:6][H:13])([H:11])[H:12])([H:7])([H:8])[H:9]>>[C:1]([C:2]#[N:3])([H:7])([H:8])[H:9].[C:5](=[O:6])([H:11])[H:12].[O:4]([H:10])[H:13],test
98,,,328,261,[C:1]([C@@:2]1([H:10])[O:3][C@@:4]2([H:11])[C:5]([H:12])([H:13])[C@@:6]12[H:14])([H:7])([H:8])[H:9]>>[C:1](/[C:2](=[C:6](\[C:5]([C:4](=[O:3])[H:11])([H:12])[H:13])[H:14])[H:10])([H:7])([H:8])[H:9],test
99,,,329,262,[C:1]([N:2]1[C:3]([H:10])([H:11])[C@:4]1([C:5]#[C:6][H:13])[H:12])([H:7])([H:8])[H:9]>>[C:1](=[N:2][C:3]([C:4](=[C:5]=[C:6]([H:8])[H:13])[H:12])([H:10])[H:11])([H:7])[H:9],test
102,,,330,263,[C:1]1([H:7])([H:8])[C@@:2]2([H:9])[O:3][C@:4]1([H:10])[C:5]([H:11])=[C:6]2[H:12]>>[C:1]1([H:7])([H:8])[C@@:2]2([H:9])[O:3][C@@:6]2([H:12])[C:5]([H:11])=[C:4]1[H:10],test
103,,,331,264,[O:1]([C:2]([C:3]([C:4]([C:5](=[O:6])[H:14])([H:12])[H:13])([H:10])[H:11])([H:8])[H:9])[H:7]>>[O:1]1[C:2]([H:8])([H:9])[C:3]([H:10])([H:11])[C:4]([H:12])([H:13])[C@@:5]1([O:6][H:7])[H:14],test
104,,,332,265,[N:1]1([H:7])[C@@:2]2([H:8])[C@:3]3([H:9])[O:4][C@@:5]2([H:10])[C@:6]13[H:11]>>[N:1]1([H:7])[C@@:2]([C:5](=[O:4])[H:10])([H:8])[C:3]([H:9])=[C:6]1[H:11],test
105,,,333,266,[C:1]([C:2]1=[C:3]([H:10])[N:4]=[N:5][O:6]1)([H:7])([H:8])[H:9]>>[C:1]([C:3](=[C:2]=[O:6])[H:10])([H:7])([H:8])[H:9].[N:4]#[N:5],test
106,,,334,267,[O:1]1[N:2]=[N:3][N:4]=[N:5]1>>[N:4]#[N:5].[O:1]=[N+:3]=[N-:2],test
107,,,335,268,[O:1]([C@@:2]([C:3](=[O:4])[H:9])([C:5]#[N:6])[H:8])[H:7]>>[O:1]=[C:2]([C:3]([O:4][H:7])([H:8])[H:9])[C:5]#[N:6],test
108,,,336,269,[C:1]1([H:7])([H:8])[C@@:2]2([H:9])[C@:3]1([H:10])[C@@:4]1([H:11])[O:5][C@@:6]21[H:12]>>[C:1](=[C:3](/[C:2](=[C:6](\[C:4](=[O:5])[H:11])[H:12])[H:9])[H:10])([H:7])[H:8],test
109,,,337,270,[O:1]([C:2]([C@@:3]([O:4][H:11])([C:5](=[O:6])[H:12])[H:10])([H:8])[H:9])[H:7]>>[O:1]([C:2]([C:3](=[O:4])[C:5]([O:6][H:11])([H:10])[H:12])([H:8])[H:9])[H:7],test
110,,,338,271,[O:1]([C:2]1=[N:3][C:4]([H:8])=[C:5]([H:9])[N:6]1[H:10])[H:7]>>[O:1]=[C:2]1[N:3]([H:7])[C:4]([H:8])=[C:5]([H:9])[N:6]1[H:10],test
111,,,339,272,[C:1]([C@@:2]1([C:3]([O:4][H:12])([H:10])[H:11])[C:5]([H:13])([H:14])[O:6]1)([H:7])([H:8])[H:9]>>[C:1]([C@:2]([C:3](=[O:4])[H:11])([C:5]([O:6][H:12])([H:13])[H:14])[H:10])([H:7])([H:8])[H:9],test
112,,,340,273,[C:1](#[C:2][C:3]([C:4]([C:5]#[C:6][H:12])([H:10])[H:11])([H:8])[H:9])[H:7]>>[C:1](=[C:2]=[C:3]([H:8])[H:9])([C:6](=[C:5]=[C:4]([H:10])[H:11])[H:12])[H:7],test
113,,,341,274,[C:1]([C@@:2]([C:3]([O:4][H:13])([H:11])[H:12])([C:5]#[C:6][H:14])[H:10])([H:7])([H:8])[H:9]>>[C:1]([C:2](=[C:5]=[C:6]([H:13])[H:14])[H:10])([H:7])([H:8])[H:9].[C:3](=[O:4])([H:11])[H:12],test
114,,,342,275,[C:1]([C@@:2]([C:3](=[O:4])[H:11])([C:5]#[C:6][H:12])[H:10])([H:7])([H:8])[H:9]>>[C-:3]#[O+:4].[C:1]([C:2](=[C:5]=[C:6]([H:11])[H:12])[H:10])([H:7])([H:8])[H:9],test
116,,,343,276,[O:1]([C:2]([C:3](=[O:4])[C:5](=[O:6])[H:10])([H:8])[H:9])[H:7]>>[O:1]=[C:2]([C:3]([O:4][H:7])([C:5](=[O:6])[H:10])[H:9])[H:8],test
117,,,344,277,[O:1]([C@@:2]1([H:8])[C@@:3]2([H:9])[C:4]([H:10])([H:11])[O:5][C@@:6]12[H:12])[H:7]>>[O:1]([C@@:2]([C:3](=[C:4]([H:10])[H:11])[H:9])([C:6](=[O:5])[H:12])[H:8])[H:7],test
118,,,345,277,[O:1]([C@@:2]1([H:8])[C@@:3]2([H:9])[C:4]([H:10])([H:11])[O:5][C@@:6]12[H:12])[H:7]>>[O:1]=[C:2](/[C:6](=[C:3](\[C:4]([O:5][H:7])([H:10])[H:11])[H:9])[H:12])[H:8],test
119,,,346,278,[O:1]=[C:2]1[C:3]([H:6])([H:7])[C:4]([H:8])([H:9])[O:5]1>>[C:3](=[C:4]([H:8])[H:9])([H:6])[H:7].[O:1]=[C:2]=[O:5],test
120,,,347,279,[C:1]([C@@:2]1([H:10])[C:3]([H:11])([H:12])[N:4]1[C:5](=[O:6])[H:13])([H:7])([H:8])[H:9]>>[C:1]([C@@:2]1([H:10])[C:3]([H:11])([H:12])[O:6][C:5]([H:13])=[N:4]1)([H:7])([H:8])[H:9],test
121,,,348,279,[C:1]([C@@:2]1([H:10])[C:3]([H:11])([H:12])[N:4]1[C:5](=[O:6])[H:13])([H:7])([H:8])[H:9]>>[C:1]([C@@:2]1([H:10])[C:3]([H:11])([H:12])[N:4]=[C:5]([H:13])[O:6]1)([H:7])([H:8])[H:9],test
122,,,349,279,[C:1]([C@@:2]1([H:10])[C:3]([H:11])([H:12])[N:4]1[C:5](=[O:6])[H:13])([H:7])([H:8])[H:9]>>[C:1](/[C:2](=[C:3](\[N:4]=[C:5](/[O:6][H:12])[H:13])[H:11])[H:10])([H:7])([H:8])[H:9],test
123,,,350,280,[N:1]([C:2]1=[C:3]([H:9])[N:4]=[N:5][N:6]1[H:10])([H:7])[H:8]>>[N:1]([C:2]1=[N:6][N:5]([H:10])[N:4]=[C:3]1[H:9])([H:7])[H:8],test
124,,,351,281,[O:1]=[C:2]([C:3](=[O:4])[C:5]#[C:6][H:8])[H:7]>>[C:3](=[O:4])=[C:5]=[C:6]([H:7])[H:8].[O+:1]#[C-:2],test
125,,,352,282,[O:1]=[C:2]1[C:3]([H:7])([H:8])[C@@:4]2([H:9])[C:5]([H:10])([H:11])[C@@:6]12[H:12]>>[O:1]=[C:2]=[C:6]([C:5]([C:4](=[C:3]([H:7])[H:8])[H:9])([H:10])[H:11])[H:12],test
126,,,353,283,[C:1]([O:2][C:3]([C:4]#[C:5][H:11])([H:9])[H:10])([H:6])([H:7])[H:8]>>[C:1](=[O:2])([H:7])[H:8].[C:3](=[C:4]=[C:5]([H:6])[H:11])([H:9])[H:10],test
127,,,354,284,[N:1]([C:2](=[O:3])[N:4](/[C:5](=[N:6]/[H:11])[H:10])[H:9])([H:7])[H:8]>>[N:1]([C:2](=[O:3])/[N:4]=[C:5](/[N:6]([H:9])[H:11])[H:10])([H:7])[H:8],test
128,,,355,285,[N:1]([C:2](=[O:3])[C:4]([C:5]#[C:6][H:11])([H:9])[H:10])([H:7])[H:8]>>[C:4](=[C:5]=[C:6]([H:8])[H:11])([H:9])[H:10].[N:1](=[C:2]=[O:3])[H:7],test
131,,,356,286,[C:1]([C:2]([C:3]([H:10])([H:11])[H:12])([O:4][H:13])[C:5](=[O:6])[H:14])([H:7])([H:8])[H:9]>>[C:1]([C:2](=[O:4])[C@:5]([C:3]([H:10])([H:11])[H:12])([O:6][H:13])[H:14])([H:7])([H:8])[H:9],test
132,,,357,287,[O:1]([C@@:2]1([H:8])[C:3]([H:9])([H:10])[N:4]2[C:5]([H:11])([H:12])[C@@:6]12[H:13])[H:7]>>[O:1](/[C:2](=[C:6](/[C:5]([N:4]=[C:3]([H:9])[H:10])([H:11])[H:12])[H:13])[H:8])[H:7],test
133,,,358,288,[C:1]1([H:7])([H:8])[C@@:2]2([H:9])[O:3][C:4]([H:10])=[N:5][C@@:6]12[H:11]>>[C:1](=[C:2](/[C:6](=[N:5]\[C:4](=[O:3])[H:10])[H:11])[H:9])([H:7])[H:8],test
134,,,359,289,[O:1]=[C:2]([C:3](=[O:4])[C:5](=[O:6])[H:8])[H:7]>>[C-:3]#[O+:4].[O:1]=[C:2]([C:5](=[O:6])[H:8])[H:7],test
135,,,360,290,[O:1]([C:2]([C:3]([C@@:4]1([H:12])[C:5]([H:13])([H:14])[O:6]1)([H:10])[H:11])([H:8])[H:9])[H:7]>>[C:3](=[C:4]([C:5]([O:6][H:7])([H:13])[H:14])[H:12])([H:10])[H:11].[O:1]=[C:2]([H:8])[H:9],test
136,,,361,291,[N:1]([C:2]1=[N:3][O:4][N:5]=[N:6]1)([H:7])[H:8]>>[N:1]([C:2]#[N+:3][O-:4])([H:7])[H:8].[N:5]#[N:6],test
137,,,362,291,[N:1]([C:2]1=[N:3][O:4][N:5]=[N:6]1)([H:7])[H:8]>>[N:1]([C:2]#[N:3])([H:7])[H:8].[O:4]=[N+:5]=[N-:6],test
138,,,363,292,[C:1]([C@@:2]1([H:10])[C:3]([H:11])([H:12])[C:4](=[O:5])[O:6]1)([H:7])([H:8])[H:9]>>[C:1]([C:2](=[C:3]([H:11])[H:12])[H:10])([H:7])([H:8])[H:9].[C:4](=[O:5])=[O:6],test
143,,,364,293,[C:1]1([H:7])([H:8])[C@@:2]2([H:9])[C@@:3]3([H:10])[O:4][C@:5]1([H:11])[C@@:6]23[H:12]>>[C:1]1([H:7])([H:8])[C@:2]([C:3](=[O:4])[H:10])([H:9])[C:6]([H:12])=[C:5]1[H:11],test
144,,,365,294,[O:1]=[C:2]([O:3][C:4]([C:5]#[C:6][H:10])([H:8])[H:9])[H:7]>>[C:4](=[C:5]=[C:6]([H:7])[H:10])([H:8])[H:9].[O:1]=[C:2]=[O:3],test
145,,,366,294,[O:1]=[C:2]([O:3][C:4]([C:5]#[C:6][H:10])([H:8])[H:9])[H:7]>>[O:1]([C:2](=[O:3])[H:7])[C:6](=[C:5]=[C:4]([H:8])[H:9])[H:10],test
146,,,367,295,[C:1]1([H:7])([H:8])[C:2]([H:9])=[C:3]([H:10])[C@@:4]2([H:11])[O:5][C@@:6]12[H:12]>>[C:1](=[C:2](/[C:3](=[C:4](\[C:6](=[O:5])[H:12])[H:11])[H:10])[H:9])([H:7])[H:8],test
150,,,368,296,[O-:1][C:2](=[C:3]([N+:4]#[N:5])[H:7])[H:6]>>[N:4]#[N:5].[O:1]=[C:2]=[C:3]([H:6])[H:7],test
152,,,369,297,[C:1]1([H:7])([H:8])[C@@:2]2([H:9])[C@:3]1([H:10])[C@@:4]1([H:11])[C:5]([H:12])([H:13])[C@@:6]21[H:14]>>[C:1]1([H:7])([H:8])[C:2]([H:9])=[C:6]([H:14])[C:5]([H:12])([H:13])[C:4]([H:11])=[C:3]1[H:10],test
153,,,370,298,[C:1]([O:2][C@@:3]1([H:10])[C:4]([H:11])([H:12])[C@:5]1([O:6][H:14])[H:13])([H:7])([H:8])[H:9]>>[C:1]([O:2][H:14])([H:7])([H:8])[H:9].[C:3](=[C:4]([H:11])[H:12])([C:5](=[O:6])[H:13])[H:10],test
155,,,371,299,[C:1]([C@@:2]1([H:10])[C:3]([H:11])([H:12])/[C:4](=[N:5]/[H:13])[O:6]1)([H:7])([H:8])[H:9]>>[C:1]([C:2](=[C:3]([H:11])[H:12])[H:10])([H:7])([H:8])[H:9].[C:4](=[N:5][H:13])=[O:6],test
